{
  "0G/USDT": {
    "anchor": 1.007,
    "ts": 1762079240.797067
  },
  "AAVE/USDT": {
    "anchor": 222.08,
    "ts": 1762079240.797067
  },
  "ADA/USDT": {
    "anchor": 0.6097,
    "ts": 1762079240.797067
  },
  "AEA/USDT": {
    "anchor": 0.04789,
    "ts": 1762079240.797067
  },
  "AIX/USDT": {
    "anchor": 2.333505,
    "ts": 1762079240.797067
  },
  "ALGO/USDT": {
    "anchor": 0.1784,
    "ts": 1762079240.797067
  },
  "API3/USDT": {
    "anchor": 0.6796,
    "ts": 1762079240.797067
  },
  "APT/USDT": {
    "anchor": 3.396,
    "ts": 1762079240.797067
  },
  "ARB/USDT": {
    "anchor": 0.3085,
    "ts": 1762079240.797067
  },
  "AR/USDT": {
    "anchor": 4.519,
    "ts": 1762079240.797067
  },
  "ASTER/USDT": {
    "anchor": 0.9384,
    "ts": 1762079240.797067
  },
  "ATLA/USDT": {
    "anchor": 56.1975,
    "ts": 1762079240.797067
  },
  "ATOM/USDT": {
    "anchor": 3.031,
    "ts": 1762079240.797067
  },
  "AVAX/USDT": {
    "anchor": 18.74,
    "ts": 1762079241.030991
  },
  "AXS/USDT": {
    "anchor": 1.459,
    "ts": 1762079241.030991
  },
  "BAS/USDT": {
    "anchor": 0.012192,
    "ts": 1762079241.030991
  },
  "BAT/USDT": {
    "anchor": 0.191,
    "ts": 1762079241.030991
  },
  "BCH/USDT": {
    "anchor": 544.1,
    "ts": 1762079241.030991
  },
  "BEL/USDT": {
    "anchor": 0.2151,
    "ts": 1762079241.030991
  },
  "BGB/USDT": {
    "anchor": 4.54544,
    "ts": 1762079241.030991
  },
  "BLESS/USDT": {
    "anchor": 0.03694,
    "ts": 1762079241.030991
  },
  "BNB/USDT": {
    "anchor": 1084.26,
    "ts": 1762079241.030991
  },
  "BTC/USDT": {
    "anchor": 110688.66,
    "ts": 1762079241.030991
  },
  "CAKE/USDT": {
    "anchor": 2.493,
    "ts": 1762079241.030991
  },
  "COAI/USDT": {
    "anchor": 1.1886,
    "ts": 1762079241.030991
  },
  "CRO/USDT": {
    "anchor": 0.1448,
    "ts": 1762079241.030991
  },
  "CRV/USDT": {
    "anchor": 0.4775,
    "ts": 1762079241.241859
  },
  "DASH/USDT": {
    "anchor": 96.58,
    "ts": 1762079241.241859
  },
  "DOGE/USDT": {
    "anchor": 0.18621,
    "ts": 1762079241.241859
  },
  "DOT/USDT": {
    "anchor": 2.984,
    "ts": 1762079241.241859
  },
  "EDU/USDT": {
    "anchor": 0.17656,
    "ts": 1762079241.241859
  },
  "EIGEN/USDT": {
    "anchor": 0.8972,
    "ts": 1762079241.241859
  },
  "ENA/USDT": {
    "anchor": 0.3851,
    "ts": 1762079241.241859
  },
  "ETC/USDT": {
    "anchor": 16.39,
    "ts": 1762079241.241859
  },
  "ETH/USDT": {
    "anchor": 3862.33,
    "ts": 1762079241.241859
  },
  "FET/USDT": {
    "anchor": 0.2615,
    "ts": 1762079241.241859
  },
  "FF/USDT": {
    "anchor": 0.12096,
    "ts": 1762079241.241859
  },
  "FIL/USDT": {
    "anchor": 1.718,
    "ts": 1762079241.241859
  },
  "FLOW/USDT": {
    "anchor": 0.2677,
    "ts": 1762079241.241859
  },
  "FLR/USDT": {
    "anchor": 0.01603,
    "ts": 1762079239.018502
  },
  "FTN/USDT": {
    "anchor": 1.84291,
    "ts": 1762079239.018502
  },
  "GALA/USDT": {
    "anchor": 0.01044,
    "ts": 1762079239.018502
  },
  "GIGGLE/USDT": {
    "anchor": 84.06,
    "ts": 1762079239.018502
  },
  "GRT/USDT": {
    "anchor": 0.06425,
    "ts": 1762079239.018502
  },
  "HANA/USDT": {
    "anchor": 0.03206,
    "ts": 1762079239.018502
  },
  "HBAR/USDT": {
    "anchor": 0.19601,
    "ts": 1762079239.018502
  },
  "HYPER/USDT": {
    "anchor": 0.19,
    "ts": 1762079239.018502
  },
  "ICP/USDT": {
    "anchor": 3.559,
    "ts": 1762079239.018502
  },
  "IDOL/USDT": {
    "anchor": 0.03486,
    "ts": 1762079239.018502
  },
  "IMX/USDT": {
    "anchor": 0.5164,
    "ts": 1762079239.018502
  },
  "INIT/USDT": {
    "anchor": 0.1426,
    "ts": 1762079239.018502
  },
  "INJ/USDT": {
    "anchor": 7.99,
    "ts": 1762079239.018502
  },
  "IOTA/USDT": {
    "anchor": 0.1419,
    "ts": 1762079239.252191
  },
  "JUP/USDT": {
    "anchor": 0.4109,
    "ts": 1762079239.252191
  },
  "KAS/USDT": {
    "anchor": 0.053275,
    "ts": 1762079239.252191
  },
  "KCS/USDT": {
    "anchor": 13.3737,
    "ts": 1762079239.252191
  },
  "KERNEL/USDT": {
    "anchor": 0.12398,
    "ts": 1762079239.252191
  },
  "KGEN/USDT": {
    "anchor": 0.2565,
    "ts": 1762079239.252191
  },
  "LAB/USDT": {
    "anchor": 0.17972,
    "ts": 1762079239.252191
  },
  "LDO/USDT": {
    "anchor": 0.8776,
    "ts": 1762079239.252191
  },
  "LGCT/USDT": {
    "anchor": 1.8333,
    "ts": 1762079239.252191
  },
  "LINK/USDT": {
    "anchor": 17.37,
    "ts": 1762079239.252191
  },
  "LTC/USDT": {
    "anchor": 100.96,
    "ts": 1762079239.252191
  },
  "MANA/USDT": {
    "anchor": 0.2316,
    "ts": 1762079239.252191
  },
  "MBG/USDT": {
    "anchor": 0.8042,
    "ts": 1762079239.252191
  },
  "METYA/USDT": {
    "anchor": 0.1944,
    "ts": 1762079239.467272
  },
  "MLN/USDT": {
    "anchor": 6.686,
    "ts": 1762079239.467272
  },
  "MNT/USDT": {
    "anchor": 1.4277,
    "ts": 1762079239.467272
  },
  "MOVE/USDT": {
    "anchor": 0.06843,
    "ts": 1762079239.467272
  },
  "MX/USDT": {
    "anchor": 2.1881,
    "ts": 1762079239.467272
  },
  "NEAR/USDT": {
    "anchor": 2.166,
    "ts": 1762079239.467272
  },
  "NEXO/USDT": {
    "anchor": 1.138,
    "ts": 1762079239.467272
  },
  "NFP/USDT": {
    "anchor": 0.04007,
    "ts": 1762079239.467272
  },
  "OKB/USDT": {
    "anchor": 142.767,
    "ts": 1762079239.467272
  },
  "OM/USDT": {
    "anchor": 0.1058,
    "ts": 1762079239.467272
  },
  "ONDO/USDT": {
    "anchor": 0.69977,
    "ts": 1762079239.467272
  },
  "OP/USDT": {
    "anchor": 0.4233,
    "ts": 1762079239.467272
  },
  "PAXG/USDT": {
    "anchor": 3996.81,
    "ts": 1762079239.467272
  },
  "PENGU/USDT": {
    "anchor": 0.017739,
    "ts": 1762079239.641768
  },
  "PEPE/USDT": {
    "anchor": 6.67e-06,
    "ts": 1762079239.641768
  },
  "PHB/USDT": {
    "anchor": 0.424,
    "ts": 1762079239.641768
  },
  "POL/USDT": {
    "anchor": 0.1932,
    "ts": 1762079239.641768
  },
  "POPCAT/USDT": {
    "anchor": 0.1504,
    "ts": 1762079239.641768
  },
  "PROVE/USDT": {
    "anchor": 0.672,
    "ts": 1762079239.641768
  },
  "PUMP/USDT": {
    "anchor": 0.004487,
    "ts": 1762079239.641768
  },
  "QNT/USDT": {
    "anchor": 78.97,
    "ts": 1762079239.641768
  },
  "RAY/USDT": {
    "anchor": 1.667,
    "ts": 1762079239.641768
  },
  "RDAC/USDT": {
    "anchor": 0.004124,
    "ts": 1762079239.641768
  },
  "READY/USDT": {
    "anchor": 0.026487,
    "ts": 1762079239.641768
  },
  "RECALL/USDT": {
    "anchor": 0.2925,
    "ts": 1762079239.641768
  },
  "RENDER/USDT": {
    "anchor": 2.319,
    "ts": 1762079239.641768
  },
  "RIVER/USDT": {
    "anchor": 7.2064,
    "ts": 1762079239.860502
  },
  "RUNE/USDT": {
    "anchor": 0.873,
    "ts": 1762079239.860502
  },
  "RVV/USDT": {
    "anchor": 0.008311,
    "ts": 1762079239.860502
  },
  "SAND/USDT": {
    "anchor": 0.2073,
    "ts": 1762079239.860502
  },
  "SEI/USDT": {
    "anchor": 0.1965,
    "ts": 1762079239.860502
  },
  "SHIB/USDT": {
    "anchor": 1.0161e-05,
    "ts": 1762079239.860502
  },
  "SNX/USDT": {
    "anchor": 1.0578,
    "ts": 1762079239.860502
  },
  "SOL/USDT": {
    "anchor": 185.75,
    "ts": 1762079239.860502
  },
  "SOON/USDT": {
    "anchor": 0.7232,
    "ts": 1762079239.860502
  },
  "STBL/USDT": {
    "anchor": 0.089,
    "ts": 1762079239.860502
  },
  "STX/USDT": {
    "anchor": 0.4255,
    "ts": 1762079239.860502
  },
  "SUI/USDT": {
    "anchor": 2.353,
    "ts": 1762079239.860502
  },
  "TAO/USDT": {
    "anchor": 503.94,
    "ts": 1762079239.860502
  },
  "TIA/USDT": {
    "anchor": 0.9826,
    "ts": 1762079240.1003158
  },
  "TLM/USDT": {
    "anchor": 0.003126,
    "ts": 1762079240.1003158
  },
  "TON/USDT": {
    "anchor": 2.32,
    "ts": 1762079240.1003158
  },
  "TOWNS/USDT": {
    "anchor": 0.01081,
    "ts": 1762079240.1003158
  },
  "TRUMP/USDT": {
    "anchor": 7.544,
    "ts": 1762079240.1003158
  },
  "TRX/USDT": {
    "anchor": 0.2959,
    "ts": 1762079240.1003158
  },
  "UCN/USDT": {
    "anchor": 1451.01,
    "ts": 1762079240.1003158
  },
  "ULTI/USDT": {
    "anchor": 0.001055,
    "ts": 1762079240.1003158
  },
  "UMA/USDT": {
    "anchor": 1.1154,
    "ts": 1762079240.1003158
  },
  "UNI/USDT": {
    "anchor": 5.835,
    "ts": 1762079240.1003158
  },
  "USELESS/USDT": {
    "anchor": 0.21711,
    "ts": 1762079240.1003158
  },
  "VET/USDT": {
    "anchor": 0.01618,
    "ts": 1762079240.1003158
  },
  "VIRTUAL/USDT": {
    "anchor": 1.6866,
    "ts": 1762079240.1003158
  },
  "WAL/USDT": {
    "anchor": 0.23,
    "ts": 1762079240.277518
  },
  "WBTC/USDT": {
    "anchor": 110639.46,
    "ts": 1762079240.277518
  },
  "WIF/USDT": {
    "anchor": 0.536,
    "ts": 1762079240.277518
  },
  "WLD/USDT": {
    "anchor": 0.848,
    "ts": 1762079240.277518
  },
  "WLFI/USDT": {
    "anchor": 0.1361,
    "ts": 1762079240.277518
  },
  "XDC/USDT": {
    "anchor": 0.05922,
    "ts": 1762079240.277518
  },
  "XLM/USDT": {
    "anchor": 0.3048,
    "ts": 1762079240.277518
  },
  "XMR/USDT": {
    "anchor": 356.27,
    "ts": 1762079240.277518
  },
  "XPIN/USDT": {
    "anchor": 0.0059365,
    "ts": 1762079240.277518
  },
  "XRP/USDT": {
    "anchor": 2.5214,
    "ts": 1762079240.277518
  },
  "XTZ/USDT": {
    "anchor": 0.5777,
    "ts": 1762079240.277518
  },
  "ZBT/USDT": {
    "anchor": 0.2032,
    "ts": 1762079240.277518
  },
  "ZEC/USDT": {
    "anchor": 418.03,
    "ts": 1762079240.277518
  },
  "ZEN/USDT": {
    "anchor": 19.39,
    "ts": 1762079240.490567
  },
  "ZORA/USDT": {
    "anchor": 0.068462,
    "ts": 1762079240.490567
  }
}