{
  "symbol": "BLESS/USDT",
  "phase": "WAIT_FILL",
  "timestamp": 1762100597.6099892,
  "snapshot_version": 1,
  "coin_state": {
    "amount": 0.0,
    "entry_price": 0.0,
    "entry_ts": 0.0,
    "order_id": "",
    "cooldown_until": 1762100566.388797,
    "error_count": 0,
    "last_error": ""
  },
  "state_data": {
    "buy_order": {
      "order_id": "",
      "client_order_id": "buy:BLESS/USDT:d_122380367128:buy",
      "placed_at": 1762100597.323848,
      "cumulative_qty": 0.0,
      "target_qty": 343.79,
      "avg_price": 0.0,
      "total_fees": 0.0,
      "status": "pending",
      "retry_count": 0
    },
    "sell_order": null,
    "signal_detected_at": 1762100596.790418,
    "signal_type": "DROP_MODE_4",
    "position_opened_at": null,
    "position_entry_price": 0.0,
    "position_qty": 0.0,
    "position_fees_accum": 0.0,
    "exit_signal": null,
    "exit_detected_at": null,
    "peak_price": 0.0,
    "trailing_stop": null,
    "cooldown_started_at": null,
    "error_count": 0,
    "last_error": null,
    "last_error_at": null
  }
}