{
    "HBAR/USDT": {
        "price": 0.19705,
        "ts": "2025-11-02T09:13:05.361690Z"
    },
    "AR/USDT": {
        "price": 4.41,
        "ts": "2025-11-02T09:13:05.233867Z"
    },
    "UCN/USDT": {
        "price": 1450.55,
        "ts": "2025-11-02T09:13:05.549870Z"
    },
    "XMR/USDT": {
        "price": 359.87,
        "ts": "2025-11-02T09:13:05.653804Z"
    },
    "RAY/USDT": {
        "price": 1.683,
        "ts": "2025-11-02T09:13:05.488235Z"
    },
    "SOL/USDT": {
        "price": 187.22,
        "ts": "2025-11-02T09:13:05.532511Z"
    },
    "EIGEN/USDT": {
        "price": 0.9051,
        "ts": "2025-11-02T09:13:05.338121Z"
    },
    "INJ/USDT": {
        "price": 8.05,
        "ts": "2025-11-02T09:13:05.371638Z"
    },
    "ONDO/USDT": {
        "price": 0.70498,
        "ts": "2025-11-02T09:13:05.470429Z"
    },
    "PEPE/USDT": {
        "price": 6.7e-06,
        "ts": "2025-11-02T09:13:05.476334Z"
    },
    "WLFI/USDT": {
        "price": 0.1373,
        "ts": "2025-11-02T09:13:05.648603Z"
    },
    "CRV/USDT": {
        "price": 0.4824,
        "ts": "2025-11-02T09:13:05.266311Z"
    },
    "LGCT/USDT": {
        "price": 1.8293,
        "ts": "2025-11-02T09:13:05.448657Z"
    },
    "JUP/USDT": {
        "price": 0.4159,
        "ts": "2025-11-02T09:13:05.374650Z"
    },
    "AVAX/USDT": {
        "price": 18.88,
        "ts": "2025-11-02T09:13:05.245356Z"
    },
    "SUI/USDT": {
        "price": 2.374,
        "ts": "2025-11-02T09:13:05.538071Z"
    },
    "NEXO/USDT": {
        "price": 1.1364,
        "ts": "2025-11-02T09:13:05.464132Z"
    },
    "ADA/USDT": {
        "price": 0.6145,
        "ts": "2025-11-02T09:13:05.093166Z"
    },
    "TAO/USDT": {
        "price": 505.78,
        "ts": "2025-11-02T09:13:05.539361Z"
    },
    "STX/USDT": {
        "price": 0.4286,
        "ts": "2025-11-02T09:13:05.536491Z"
    },
    "MOVE/USDT": {
        "price": 0.06904,
        "ts": "2025-11-02T09:13:05.459680Z"
    },
    "POL/USDT": {
        "price": 0.1939,
        "ts": "2025-11-02T09:13:05.479353Z"
    },
    "SEI/USDT": {
        "price": 0.198,
        "ts": "2025-11-02T09:13:05.528287Z"
    },
    "WBTC/USDT": {
        "price": 110916.62,
        "ts": "2025-11-02T09:13:05.644176Z"
    },
    "LINK/USDT": {
        "price": 17.51,
        "ts": "2025-11-02T09:13:05.450297Z"
    },
    "MANA/USDT": {
        "price": 0.2336,
        "ts": "2025-11-02T09:13:05.453896Z"
    },
    "ALGO/USDT": {
        "price": 0.1797,
        "ts": "2025-11-02T09:13:05.217608Z"
    },
    "CRO/USDT": {
        "price": 0.14594,
        "ts": "2025-11-02T09:13:05.264981Z"
    },
    "TRUMP/USDT": {
        "price": 7.616,
        "ts": "2025-11-02T09:13:05.547108Z"
    },
    "TRX/USDT": {
        "price": 0.2967,
        "ts": "2025-11-02T09:13:05.548416Z"
    },
    "MLN/USDT": {
        "price": 6.775,
        "ts": "2025-11-02T09:13:05.456748Z"
    },
    "ICP/USDT": {
        "price": 3.51,
        "ts": "2025-11-02T09:13:05.365843Z"
    },
    "FTN/USDT": {
        "price": 1.81641,
        "ts": "2025-11-02T09:13:05.353721Z"
    },
    "TOWNS/USDT": {
        "price": 0.01088,
        "ts": "2025-11-02T09:13:05.545795Z"
    },
    "DOGE/USDT": {
        "price": 0.18755,
        "ts": "2025-11-02T09:13:05.271216Z"
    },
    "TLM/USDT": {
        "price": 0.003157,
        "ts": "2025-11-02T09:13:05.542494Z"
    },
    "BCH/USDT": {
        "price": 552.3,
        "ts": "2025-11-02T09:13:05.252191Z"
    },
    "XRP/USDT": {
        "price": 2.53,
        "ts": "2025-11-02T09:13:05.656632Z"
    },
    "BLESS/USDT": {
        "price": 0.03776,
        "ts": "2025-11-02T09:13:05.259273Z"
    },
    "SAND/USDT": {
        "price": 0.2089,
        "ts": "2025-11-02T09:13:05.526336Z"
    },
    "DOT/USDT": {
        "price": 3.001,
        "ts": "2025-11-02T09:13:05.331841Z"
    },
    "ENA/USDT": {
        "price": 0.3909,
        "ts": "2025-11-02T09:13:05.339813Z"
    },
    "ZEN/USDT": {
        "price": 19.898,
        "ts": "2025-11-02T09:13:05.663293Z"
    },
    "APT/USDT": {
        "price": 3.402,
        "ts": "2025-11-02T09:13:05.225804Z"
    },
    "HANA/USDT": {
        "price": 0.03309,
        "ts": "2025-11-02T09:13:05.360287Z"
    },
    "MNT/USDT": {
        "price": 1.4467,
        "ts": "2025-11-02T09:13:05.458286Z"
    },
    "XPIN/USDT": {
        "price": 0.006033,
        "ts": "2025-11-02T09:13:05.655318Z"
    },
    "XTZ/USDT": {
        "price": 0.5811,
        "ts": "2025-11-02T09:13:05.657979Z"
    },
    "EDU/USDT": {
        "price": 0.17731,
        "ts": "2025-11-02T09:13:05.334491Z"
    },
    "OM/USDT": {
        "price": 0.10671,
        "ts": "2025-11-02T09:13:05.468450Z"
    },
    "BEL/USDT": {
        "price": 0.2165,
        "ts": "2025-11-02T09:13:05.256336Z"
    },
    "RUNE/USDT": {
        "price": 0.875,
        "ts": "2025-11-02T09:13:05.499071Z"
    },
    "PHB/USDT": {
        "price": 0.4296,
        "ts": "2025-11-02T09:13:05.477800Z"
    },
    "ATLA/USDT": {
        "price": 56.6827,
        "ts": "2025-11-02T09:13:05.238482Z"
    },
    "ARB/USDT": {
        "price": 0.3099,
        "ts": "2025-11-02T09:13:05.229522Z"
    },
    "READY/USDT": {
        "price": 0.02668,
        "ts": "2025-11-02T09:13:05.492152Z"
    },
    "BAS/USDT": {
        "price": 0.012488,
        "ts": "2025-11-02T09:13:05.249328Z"
    },
    "KERNEL/USDT": {
        "price": 0.12598,
        "ts": "2025-11-02T09:13:05.442670Z"
    },
    "BNB/USDT": {
        "price": 1092.49,
        "ts": "2025-11-02T09:13:05.260708Z"
    },
    "ULTI/USDT": {
        "price": 0.001059,
        "ts": "2025-11-02T09:13:05.552035Z"
    },
    "FLR/USDT": {
        "price": 0.01608,
        "ts": "2025-11-02T09:13:05.352112Z"
    },
    "BAT/USDT": {
        "price": 0.1903,
        "ts": "2025-11-02T09:13:05.250689Z"
    },
    "ASTER/USDT": {
        "price": 0.9598,
        "ts": "2025-11-02T09:13:05.236493Z"
    },
    "POPCAT/USDT": {
        "price": 0.1519,
        "ts": "2025-11-02T09:13:05.480836Z"
    },
    "IDOL/USDT": {
        "price": 0.03409,
        "ts": "2025-11-02T09:13:05.367117Z"
    },
    "METYA/USDT": {
        "price": 0.1951,
        "ts": "2025-11-02T09:13:05.455255Z"
    },
    "ATOM/USDT": {
        "price": 3.046,
        "ts": "2025-11-02T09:13:05.241649Z"
    },
    "TON/USDT": {
        "price": 2.315,
        "ts": "2025-11-02T09:13:05.544067Z"
    },
    "VET/USDT": {
        "price": 0.01625,
        "ts": "2025-11-02T09:13:05.620646Z"
    },
    "ETC/USDT": {
        "price": 16.54,
        "ts": "2025-11-02T09:13:05.341966Z"
    },
    "H/USDT": {
        "price": 0.23998,
        "ts": "2025-11-02T09:13:05.363141Z"
    },
    "VIRTUAL/USDT": {
        "price": 1.7406,
        "ts": "2025-11-02T09:13:05.641308Z"
    },
    "STBL/USDT": {
        "price": 0.09193,
        "ts": "2025-11-02T09:13:05.534378Z"
    },
    "GALA/USDT": {
        "price": 0.01049,
        "ts": "2025-11-02T09:13:05.355377Z"
    },
    "ETH/USDT": {
        "price": 3896.89,
        "ts": "2025-11-02T09:13:05.343891Z"
    },
    "WLD/USDT": {
        "price": 0.857,
        "ts": "2025-11-02T09:13:05.647291Z"
    },
    "RVV/USDT": {
        "price": 0.008471,
        "ts": "2025-11-02T09:13:05.524437Z"
    },
    "KGEN/USDT": {
        "price": 0.2508,
        "ts": "2025-11-02T09:13:05.444252Z"
    },
    "HYPER/USDT": {
        "price": 0.19276,
        "ts": "2025-11-02T09:13:05.364535Z"
    },
    "XLM/USDT": {
        "price": 0.3068,
        "ts": "2025-11-02T09:13:05.651528Z"
    },
    "AEA/USDT": {
        "price": 0.04806,
        "ts": "2025-11-02T09:13:05.115648Z"
    },
    "AAVE/USDT": {
        "price": 224.71,
        "ts": "2025-11-02T09:13:05.089898Z"
    },
    "C/USDT": {
        "price": 0.11209,
        "ts": "2025-11-02T09:13:05.267886Z"
    },
    "OP/USDT": {
        "price": 0.4256,
        "ts": "2025-11-02T09:13:05.471898Z"
    },
    "AIX/USDT": {
        "price": 2.109231,
        "ts": "2025-11-02T09:13:05.214269Z"
    },
    "KAS/USDT": {
        "price": 0.053382,
        "ts": "2025-11-02T09:13:05.376348Z"
    },
    "CAKE/USDT": {
        "price": 2.526,
        "ts": "2025-11-02T09:13:05.263544Z"
    },
    "NEAR/USDT": {
        "price": 2.184,
        "ts": "2025-11-02T09:13:05.462605Z"
    },
    "GRT/USDT": {
        "price": 0.0647,
        "ts": "2025-11-02T09:13:05.358824Z"
    },
    "PROVE/USDT": {
        "price": 0.6803,
        "ts": "2025-11-02T09:13:05.482235Z"
    },
    "USELESS/USDT": {
        "price": 0.226929,
        "ts": "2025-11-02T09:13:05.566626Z"
    },
    "WAL/USDT": {
        "price": 0.2308,
        "ts": "2025-11-02T09:13:05.642800Z"
    },
    "NFP/USDT": {
        "price": 0.04028,
        "ts": "2025-11-02T09:13:05.465484Z"
    },
    "UMA/USDT": {
        "price": 1.1179,
        "ts": "2025-11-02T09:13:05.554477Z"
    },
    "FLOW/USDT": {
        "price": 0.2697,
        "ts": "2025-11-02T09:13:05.350555Z"
    },
    "FF/USDT": {
        "price": 0.12348,
        "ts": "2025-11-02T09:13:05.347507Z"
    },
    "ZORA/USDT": {
        "price": 0.069463,
        "ts": "2025-11-02T09:13:05.666287Z"
    },
    "SNX/USDT": {
        "price": 1.0728,
        "ts": "2025-11-02T09:13:05.531260Z"
    },
    "RDAC/USDT": {
        "price": 0.004109,
        "ts": "2025-11-02T09:13:05.490380Z"
    },
    "SHIB/USDT": {
        "price": 1.0202e-05,
        "ts": "2025-11-02T09:13:05.529963Z"
    },
    "ZBT/USDT": {
        "price": 0.2078,
        "ts": "2025-11-02T09:13:05.659250Z"
    },
    "RENDER/USDT": {
        "price": 2.336,
        "ts": "2025-11-02T09:13:05.496060Z"
    },
    "API3/USDT": {
        "price": 0.6877,
        "ts": "2025-11-02T09:13:05.221265Z"
    },
    "OKB/USDT": {
        "price": 144.659,
        "ts": "2025-11-02T09:13:05.466766Z"
    },
    "QNT/USDT": {
        "price": 79.26,
        "ts": "2025-11-02T09:13:05.486010Z"
    },
    "RIVER/USDT": {
        "price": 7.1864,
        "ts": "2025-11-02T09:13:05.497671Z"
    },
    "AXS/USDT": {
        "price": 1.471,
        "ts": "2025-11-02T09:13:05.247964Z"
    },
    "INIT/USDT": {
        "price": 0.143,
        "ts": "2025-11-02T09:13:05.370300Z"
    },
    "FET/USDT": {
        "price": 0.2629,
        "ts": "2025-11-02T09:13:05.345926Z"
    },
    "GIGGLE/USDT": {
        "price": 89.19,
        "ts": "2025-11-02T09:13:05.357191Z"
    },
    "PENGU/USDT": {
        "price": 0.017989,
        "ts": "2025-11-02T09:13:05.474594Z"
    },
    "WIF/USDT": {
        "price": 0.538,
        "ts": "2025-11-02T09:13:05.645894Z"
    },
    "IMX/USDT": {
        "price": 0.5241,
        "ts": "2025-11-02T09:13:05.368651Z"
    },
    "KCS/USDT": {
        "price": 13.4293,
        "ts": "2025-11-02T09:13:05.396671Z"
    },
    "LAB/USDT": {
        "price": 0.16919,
        "ts": "2025-11-02T09:13:05.445648Z"
    },
    "FIL/USDT": {
        "price": 1.74,
        "ts": "2025-11-02T09:13:05.348857Z"
    },
    "UNI/USDT": {
        "price": 5.877,
        "ts": "2025-11-02T09:13:05.557948Z"
    },
    "BGB/USDT": {
        "price": 4.55054,
        "ts": "2025-11-02T09:13:05.257586Z"
    },
    "0G/USDT": {
        "price": 1.057,
        "ts": "2025-11-02T09:13:05.065750Z"
    },
    "BTC/USDT": {
        "price": 110925.81,
        "ts": "2025-11-02T09:13:05.262174Z"
    },
    "ZEC/USDT": {
        "price": 419.97,
        "ts": "2025-11-02T09:13:05.661031Z"
    },
    "TIA/USDT": {
        "price": 0.9945,
        "ts": "2025-11-02T09:13:05.541172Z"
    },
    "PUMP/USDT": {
        "price": 0.00455,
        "ts": "2025-11-02T09:13:05.483882Z"
    },
    "RECALL/USDT": {
        "price": 0.2969,
        "ts": "2025-11-02T09:13:05.493734Z"
    },
    "LDO/USDT": {
        "price": 0.8857,
        "ts": "2025-11-02T09:13:05.447228Z"
    },
    "PAXG/USDT": {
        "price": 3999.7,
        "ts": "2025-11-02T09:13:05.473205Z"
    },
    "MX/USDT": {
        "price": 2.1991,
        "ts": "2025-11-02T09:13:05.460991Z"
    },
    "LTC/USDT": {
        "price": 100.77,
        "ts": "2025-11-02T09:13:05.452274Z"
    },
    "IOTA/USDT": {
        "price": 0.143,
        "ts": "2025-11-02T09:13:05.372943Z"
    },
    "XDC/USDT": {
        "price": 0.05959,
        "ts": "2025-11-02T09:13:05.649928Z"
    },
    "DASH/USDT": {
        "price": 90.32,
        "ts": "2025-11-02T09:13:05.269833Z"
    },
    "4/USDT": {
        "price": 0.09117,
        "ts": "2025-11-02T09:13:05.085424Z"
    }
}