{
  "symbol": "AIX/USDT",
  "phase": "IDLE",
  "timestamp": 1762074895.0398421,
  "snapshot_version": 1,
  "coin_state": {
    "amount": 0.0,
    "entry_price": 0.0,
    "entry_ts": 0.0,
    "order_id": null,
    "cooldown_until": 1762074925.039503,
    "error_count": 0,
    "last_error": ""
  },
  "state_data": {
    "buy_order": {
      "order_id": "",
      "client_order_id": "buy_AIX/USDT_d_38e44cf0928d_1762074893481",
      "placed_at": 1762074893.48138,
      "cumulative_qty": 0.0,
      "target_qty": 5.912751925704197,
      "avg_price": 0.0,
      "total_fees": 0.0,
      "status": "pending",
      "retry_count": 0
    },
    "sell_order": null,
    "signal_detected_at": 1762074894.502294,
    "signal_type": null,
    "position_opened_at": null,
    "position_entry_price": 0.0,
    "position_qty": 0.0,
    "position_fees_accum": 0.0,
    "exit_signal": null,
    "exit_detected_at": null,
    "peak_price": 0.0,
    "trailing_stop": null,
    "cooldown_started_at": null,
    "error_count": 0,
    "last_error": null,
    "last_error_at": null
  }
}