{
  "symbol": "XLM/USDT",
  "phase": "IDLE",
  "timestamp": 1762074909.511342,
  "snapshot_version": 1,
  "coin_state": {
    "amount": 0.0,
    "entry_price": 0.0,
    "entry_ts": 0.0,
    "order_id": null,
    "cooldown_until": 1762074939.51114,
    "error_count": 0,
    "last_error": ""
  },
  "state_data": {
    "buy_order": null,
    "sell_order": null,
    "signal_detected_at": 1762074908.969301,
    "signal_type": null,
    "position_opened_at": null,
    "position_entry_price": 0.0,
    "position_qty": 0.0,
    "position_fees_accum": 0.0,
    "exit_signal": null,
    "exit_detected_at": null,
    "peak_price": 0.0,
    "trailing_stop": null,
    "cooldown_started_at": null,
    "error_count": 0,
    "last_error": null,
    "last_error_at": null
  }
}