{
  "0G/USDT": {
    "anchor": 1.057,
    "ts": 1762074920.3528059
  },
  "4/USDT": {
    "anchor": 0.09136,
    "ts": 1762074920.3528059
  },
  "AAVE/USDT": {
    "anchor": 224.87,
    "ts": 1762074920.3528059
  },
  "ADA/USDT": {
    "anchor": 0.6154,
    "ts": 1762074920.3528059
  },
  "AEA/USDT": {
    "anchor": 0.04806,
    "ts": 1762074920.3528059
  },
  "AIX/USDT": {
    "anchor": 2.135032,
    "ts": 1762074920.3528059
  },
  "ALGO/USDT": {
    "anchor": 0.1799,
    "ts": 1762074920.3528059
  },
  "API3/USDT": {
    "anchor": 0.6879,
    "ts": 1762074920.3528059
  },
  "APT/USDT": {
    "anchor": 3.406,
    "ts": 1762074920.3528059
  },
  "ARB/USDT": {
    "anchor": 0.3103,
    "ts": 1762074920.3528059
  },
  "AR/USDT": {
    "anchor": 4.427,
    "ts": 1762074920.3528059
  },
  "ASTER/USDT": {
    "anchor": 0.9603,
    "ts": 1762074920.3528059
  },
  "ATLA/USDT": {
    "anchor": 56.7289,
    "ts": 1762074920.3528059
  },
  "ATOM/USDT": {
    "anchor": 3.05,
    "ts": 1762074920.589356
  },
  "AVAX/USDT": {
    "anchor": 18.9,
    "ts": 1762074920.589356
  },
  "AXS/USDT": {
    "anchor": 1.473,
    "ts": 1762074920.589356
  },
  "BAS/USDT": {
    "anchor": 0.012501,
    "ts": 1762074920.589356
  },
  "BAT/USDT": {
    "anchor": 0.1908,
    "ts": 1762074920.589356
  },
  "BCH/USDT": {
    "anchor": 552.6,
    "ts": 1762074920.589356
  },
  "BEL/USDT": {
    "anchor": 0.2169,
    "ts": 1762074920.589356
  },
  "BGB/USDT": {
    "anchor": 4.55169,
    "ts": 1762074920.589356
  },
  "BLESS/USDT": {
    "anchor": 0.03788,
    "ts": 1762074920.589356
  },
  "BNB/USDT": {
    "anchor": 1093.14,
    "ts": 1762074920.589356
  },
  "BTC/USDT": {
    "anchor": 110978.63,
    "ts": 1762074920.589356
  },
  "CAKE/USDT": {
    "anchor": 2.529,
    "ts": 1762074920.589356
  },
  "COAI/USDT": {
    "anchor": 1.328,
    "ts": 1762074920.589356
  },
  "CRO/USDT": {
    "anchor": 0.14598,
    "ts": 1762074920.84813
  },
  "CRV/USDT": {
    "anchor": 0.4831,
    "ts": 1762074920.84813
  },
  "C/USDT": {
    "anchor": 0.11237,
    "ts": 1762074920.84813
  },
  "DASH/USDT": {
    "anchor": 90.32,
    "ts": 1762074920.84813
  },
  "DOGE/USDT": {
    "anchor": 0.18775,
    "ts": 1762074920.84813
  },
  "DOT/USDT": {
    "anchor": 3.005,
    "ts": 1762074920.84813
  },
  "EDU/USDT": {
    "anchor": 0.17752,
    "ts": 1762074920.84813
  },
  "EIGEN/USDT": {
    "anchor": 0.9053,
    "ts": 1762074920.84813
  },
  "ENA/USDT": {
    "anchor": 0.3916,
    "ts": 1762074920.84813
  },
  "ETC/USDT": {
    "anchor": 16.56,
    "ts": 1762074920.84813
  },
  "ETH/USDT": {
    "anchor": 3899.85,
    "ts": 1762074920.84813
  },
  "FET/USDT": {
    "anchor": 0.2633,
    "ts": 1762074920.84813
  },
  "FF/USDT": {
    "anchor": 0.12385,
    "ts": 1762074920.84813
  },
  "FIL/USDT": {
    "anchor": 1.741,
    "ts": 1762074921.05354
  },
  "FLOW/USDT": {
    "anchor": 0.2699,
    "ts": 1762074921.05354
  },
  "FLR/USDT": {
    "anchor": 0.01608,
    "ts": 1762074921.05354
  },
  "FTN/USDT": {
    "anchor": 1.81657,
    "ts": 1762074921.05354
  },
  "GALA/USDT": {
    "anchor": 0.01051,
    "ts": 1762074921.05354
  },
  "GIGGLE/USDT": {
    "anchor": 89.26,
    "ts": 1762074921.05354
  },
  "GRT/USDT": {
    "anchor": 0.0648,
    "ts": 1762074921.05354
  },
  "HANA/USDT": {
    "anchor": 0.0331,
    "ts": 1762074921.05354
  },
  "HBAR/USDT": {
    "anchor": 0.19745,
    "ts": 1762074921.05354
  },
  "H/USDT": {
    "anchor": 0.24092,
    "ts": 1762074921.05354
  },
  "HYPER/USDT": {
    "anchor": 0.19311,
    "ts": 1762074921.05354
  },
  "ICP/USDT": {
    "anchor": 3.533,
    "ts": 1762074921.05354
  },
  "IDOL/USDT": {
    "anchor": 0.03411,
    "ts": 1762074921.05354
  },
  "IMX/USDT": {
    "anchor": 0.5246,
    "ts": 1762074918.564298
  },
  "INIT/USDT": {
    "anchor": 0.1432,
    "ts": 1762074918.564298
  },
  "INJ/USDT": {
    "anchor": 8.06,
    "ts": 1762074918.564298
  },
  "IOTA/USDT": {
    "anchor": 0.1431,
    "ts": 1762074918.564298
  },
  "JUP/USDT": {
    "anchor": 0.4166,
    "ts": 1762074918.564298
  },
  "KAS/USDT": {
    "anchor": 0.0535,
    "ts": 1762074918.564298
  },
  "KCS/USDT": {
    "anchor": 13.4293,
    "ts": 1762074918.564298
  },
  "KERNEL/USDT": {
    "anchor": 0.12633,
    "ts": 1762074918.564298
  },
  "KGEN/USDT": {
    "anchor": 0.2508,
    "ts": 1762074918.564298
  },
  "LAB/USDT": {
    "anchor": 0.16951,
    "ts": 1762074918.564298
  },
  "LDO/USDT": {
    "anchor": 0.887,
    "ts": 1762074918.564298
  },
  "LGCT/USDT": {
    "anchor": 1.8293,
    "ts": 1762074918.564298
  },
  "LINK/USDT": {
    "anchor": 17.55,
    "ts": 1762074918.564298
  },
  "LTC/USDT": {
    "anchor": 100.87,
    "ts": 1762074918.8159082
  },
  "MANA/USDT": {
    "anchor": 0.234,
    "ts": 1762074918.8159082
  },
  "MBG/USDT": {
    "anchor": 0.8884,
    "ts": 1762074918.8159082
  },
  "METYA/USDT": {
    "anchor": 0.196,
    "ts": 1762074918.8159082
  },
  "MLN/USDT": {
    "anchor": 6.786,
    "ts": 1762074918.8159082
  },
  "MNT/USDT": {
    "anchor": 1.4467,
    "ts": 1762074918.8159082
  },
  "MOVE/USDT": {
    "anchor": 0.06912,
    "ts": 1762074918.8159082
  },
  "MX/USDT": {
    "anchor": 2.1997,
    "ts": 1762074918.8159082
  },
  "NEAR/USDT": {
    "anchor": 2.186,
    "ts": 1762074918.8159082
  },
  "NEXO/USDT": {
    "anchor": 1.1365,
    "ts": 1762074918.8159082
  },
  "NFP/USDT": {
    "anchor": 0.04033,
    "ts": 1762074918.8159082
  },
  "OKB/USDT": {
    "anchor": 144.659,
    "ts": 1762074918.8159082
  },
  "OM/USDT": {
    "anchor": 0.10684,
    "ts": 1762074918.8159082
  },
  "ONDO/USDT": {
    "anchor": 0.70559,
    "ts": 1762074918.9950469
  },
  "OP/USDT": {
    "anchor": 0.4263,
    "ts": 1762074918.9950469
  },
  "PAXG/USDT": {
    "anchor": 3999.99,
    "ts": 1762074918.9950469
  },
  "PENGU/USDT": {
    "anchor": 0.018041,
    "ts": 1762074918.9950469
  },
  "PEPE/USDT": {
    "anchor": 6.72e-06,
    "ts": 1762074918.9950469
  },
  "PHB/USDT": {
    "anchor": 0.43,
    "ts": 1762074918.9950469
  },
  "POL/USDT": {
    "anchor": 0.1939,
    "ts": 1762074918.9950469
  },
  "POPCAT/USDT": {
    "anchor": 0.1522,
    "ts": 1762074918.9950469
  },
  "PROVE/USDT": {
    "anchor": 0.6805,
    "ts": 1762074918.9950469
  },
  "PUMP/USDT": {
    "anchor": 0.004553,
    "ts": 1762074918.9950469
  },
  "QNT/USDT": {
    "anchor": 79.28,
    "ts": 1762074918.9950469
  },
  "RAY/USDT": {
    "anchor": 1.685,
    "ts": 1762074918.9950469
  },
  "RDAC/USDT": {
    "anchor": 0.004111,
    "ts": 1762074918.9950469
  },
  "READY/USDT": {
    "anchor": 0.02668,
    "ts": 1762074919.256895
  },
  "RECALL/USDT": {
    "anchor": 0.2973,
    "ts": 1762074919.256895
  },
  "RENDER/USDT": {
    "anchor": 2.34,
    "ts": 1762074919.256895
  },
  "RIVER/USDT": {
    "anchor": 7.1974,
    "ts": 1762074919.256895
  },
  "RUNE/USDT": {
    "anchor": 0.876,
    "ts": 1762074919.256895
  },
  "RVV/USDT": {
    "anchor": 0.008471,
    "ts": 1762074919.256895
  },
  "SAND/USDT": {
    "anchor": 0.2092,
    "ts": 1762074919.256895
  },
  "SEI/USDT": {
    "anchor": 0.198,
    "ts": 1762074919.256895
  },
  "SHIB/USDT": {
    "anchor": 1.0208e-05,
    "ts": 1762074919.256895
  },
  "SNX/USDT": {
    "anchor": 1.0763,
    "ts": 1762074919.256895
  },
  "SOL/USDT": {
    "anchor": 187.45,
    "ts": 1762074919.256895
  },
  "SOON/USDT": {
    "anchor": 0.7301,
    "ts": 1762074919.256895
  },
  "STBL/USDT": {
    "anchor": 0.09207,
    "ts": 1762074919.256895
  },
  "STX/USDT": {
    "anchor": 0.4293,
    "ts": 1762074919.7480938
  },
  "SUI/USDT": {
    "anchor": 2.378,
    "ts": 1762074919.7480938
  },
  "TAO/USDT": {
    "anchor": 505.87,
    "ts": 1762074919.7480938
  },
  "TIA/USDT": {
    "anchor": 0.9971,
    "ts": 1762074919.7480938
  },
  "TLM/USDT": {
    "anchor": 0.003158,
    "ts": 1762074919.7480938
  },
  "TON/USDT": {
    "anchor": 2.316,
    "ts": 1762074919.7480938
  },
  "TOWNS/USDT": {
    "anchor": 0.0109,
    "ts": 1762074919.7480938
  },
  "TRUMP/USDT": {
    "anchor": 7.623,
    "ts": 1762074919.7480938
  },
  "TRX/USDT": {
    "anchor": 0.2967,
    "ts": 1762074919.7480938
  },
  "UCN/USDT": {
    "anchor": 1450.8,
    "ts": 1762074919.7480938
  },
  "ULTI/USDT": {
    "anchor": 0.001059,
    "ts": 1762074919.7480938
  },
  "UMA/USDT": {
    "anchor": 1.1209,
    "ts": 1762074919.7480938
  },
  "UNI/USDT": {
    "anchor": 5.882,
    "ts": 1762074919.7480938
  },
  "USELESS/USDT": {
    "anchor": 0.227617,
    "ts": 1762074919.918638
  },
  "VET/USDT": {
    "anchor": 0.01629,
    "ts": 1762074919.918638
  },
  "VIRTUAL/USDT": {
    "anchor": 1.7406,
    "ts": 1762074919.918638
  },
  "WAL/USDT": {
    "anchor": 0.2311,
    "ts": 1762074919.918638
  },
  "WBTC/USDT": {
    "anchor": 110973.18,
    "ts": 1762074919.918638
  },
  "WIF/USDT": {
    "anchor": 0.539,
    "ts": 1762074919.918638
  },
  "WLD/USDT": {
    "anchor": 0.859,
    "ts": 1762074919.918638
  },
  "WLFI/USDT": {
    "anchor": 0.1375,
    "ts": 1762074919.918638
  },
  "XDC/USDT": {
    "anchor": 0.05961,
    "ts": 1762074919.918638
  },
  "XLM/USDT": {
    "anchor": 0.3072,
    "ts": 1762074919.918638
  },
  "XMR/USDT": {
    "anchor": 360.44,
    "ts": 1762074919.918638
  },
  "XPIN/USDT": {
    "anchor": 0.006034,
    "ts": 1762074919.918638
  },
  "XRP/USDT": {
    "anchor": 2.5328,
    "ts": 1762074919.918638
  },
  "XTZ/USDT": {
    "anchor": 0.5817,
    "ts": 1762074920.152707
  },
  "ZBT/USDT": {
    "anchor": 0.2081,
    "ts": 1762074920.152707
  },
  "ZEC/USDT": {
    "anchor": 419.97,
    "ts": 1762074920.152707
  },
  "ZEN/USDT": {
    "anchor": 19.898,
    "ts": 1762074920.152707
  },
  "ZORA/USDT": {
    "anchor": 0.069558,
    "ts": 1762074920.152707
  }
}