{
  "0G/USDT": {
    "anchor": 0.977,
    "ts": 1762100592.145036
  },
  "AAVE/USDT": {
    "anchor": 220.36,
    "ts": 1762100592.145036
  },
  "ADA/USDT": {
    "anchor": 0.5966,
    "ts": 1762100592.145036
  },
  "AEA/USDT": {
    "anchor": 0.04811,
    "ts": 1762100592.145036
  },
  "AIX/USDT": {
    "anchor": 2.212215,
    "ts": 1762100592.145036
  },
  "ALGO/USDT": {
    "anchor": 0.1741,
    "ts": 1762100592.145036
  },
  "API3/USDT": {
    "anchor": 0.6584,
    "ts": 1762100592.145036
  },
  "APT/USDT": {
    "anchor": 3.271,
    "ts": 1762100592.145036
  },
  "ARB/USDT": {
    "anchor": 0.2987,
    "ts": 1762100592.145036
  },
  "AR/USDT": {
    "anchor": 4.183,
    "ts": 1762100592.145036
  },
  "ASTER/USDT": {
    "anchor": 1.196,
    "ts": 1762100592.145036
  },
  "ATLA/USDT": {
    "anchor": 55.2588,
    "ts": 1762100592.145036
  },
  "ATOM/USDT": {
    "anchor": 2.965,
    "ts": 1762100592.145036
  },
  "AVAX/USDT": {
    "anchor": 18.19,
    "ts": 1762100592.381732
  },
  "AXS/USDT": {
    "anchor": 1.425,
    "ts": 1762100592.381732
  },
  "BAS/USDT": {
    "anchor": 0.011599,
    "ts": 1762100592.381732
  },
  "BAT/USDT": {
    "anchor": 0.1806,
    "ts": 1762100592.381732
  },
  "BCH/USDT": {
    "anchor": 535.7,
    "ts": 1762100592.381732
  },
  "BEL/USDT": {
    "anchor": 0.2093,
    "ts": 1762100592.381732
  },
  "BGB/USDT": {
    "anchor": 4.46912,
    "ts": 1762100592.381732
  },
  "BLESS/USDT": {
    "anchor": 0.03888,
    "ts": 1762100592.381732
  },
  "BNB/USDT": {
    "anchor": 1075.16,
    "ts": 1762100592.381732
  },
  "BTC/USDT": {
    "anchor": 109978.64,
    "ts": 1762100592.381732
  },
  "CAKE/USDT": {
    "anchor": 2.439,
    "ts": 1762100592.381732
  },
  "COAI/USDT": {
    "anchor": 1.2625,
    "ts": 1762100592.381732
  },
  "CRO/USDT": {
    "anchor": 0.14363,
    "ts": 1762100592.381732
  },
  "CRV/USDT": {
    "anchor": 0.4616,
    "ts": 1762100592.5805252
  },
  "DASH/USDT": {
    "anchor": 87.9,
    "ts": 1762100592.5805252
  },
  "DOGE/USDT": {
    "anchor": 0.18273,
    "ts": 1762100592.5805252
  },
  "DOT/USDT": {
    "anchor": 2.889,
    "ts": 1762100592.5805252
  },
  "EDU/USDT": {
    "anchor": 0.1688,
    "ts": 1762100592.5805252
  },
  "EIGEN/USDT": {
    "anchor": 0.8656,
    "ts": 1762100592.5805252
  },
  "ENA/USDT": {
    "anchor": 0.3647,
    "ts": 1762100592.5805252
  },
  "ETC/USDT": {
    "anchor": 15.95,
    "ts": 1762100592.5805252
  },
  "ETH/USDT": {
    "anchor": 3852.35,
    "ts": 1762100592.5805252
  },
  "FET/USDT": {
    "anchor": 0.2425,
    "ts": 1762100592.5805252
  },
  "FF/USDT": {
    "anchor": 0.11937,
    "ts": 1762100592.5805252
  },
  "FIL/USDT": {
    "anchor": 1.625,
    "ts": 1762100592.5805252
  },
  "FLOW/USDT": {
    "anchor": 0.2619,
    "ts": 1762100592.5805252
  },
  "FLR/USDT": {
    "anchor": 0.01564,
    "ts": 1762100592.839052
  },
  "FTN/USDT": {
    "anchor": 1.87714,
    "ts": 1762100592.839052
  },
  "GALA/USDT": {
    "anchor": 0.01011,
    "ts": 1762100592.839052
  },
  "GIGGLE/USDT": {
    "anchor": 84.91,
    "ts": 1762100592.839052
  },
  "GRT/USDT": {
    "anchor": 0.06276,
    "ts": 1762100592.839052
  },
  "HANA/USDT": {
    "anchor": 0.02993,
    "ts": 1762100592.839052
  },
  "HBAR/USDT": {
    "anchor": 0.19306,
    "ts": 1762100592.839052
  },
  "HYPER/USDT": {
    "anchor": 0.18218,
    "ts": 1762100592.839052
  },
  "ICP/USDT": {
    "anchor": 3.909,
    "ts": 1762100592.839052
  },
  "IDOL/USDT": {
    "anchor": 0.03531,
    "ts": 1762100592.839052
  },
  "IMX/USDT": {
    "anchor": 0.4962,
    "ts": 1762100592.839052
  },
  "INIT/USDT": {
    "anchor": 0.1387,
    "ts": 1762100592.839052
  },
  "INJ/USDT": {
    "anchor": 7.6,
    "ts": 1762100592.839052
  },
  "IOTA/USDT": {
    "anchor": 0.1386,
    "ts": 1762100593.0551171
  },
  "JUP/USDT": {
    "anchor": 0.3947,
    "ts": 1762100593.0551171
  },
  "KAS/USDT": {
    "anchor": 0.051122,
    "ts": 1762100593.0551171
  },
  "KCS/USDT": {
    "anchor": 13.3731,
    "ts": 1762100593.0551171
  },
  "KERNEL/USDT": {
    "anchor": 0.12094,
    "ts": 1762100593.0551171
  },
  "KGEN/USDT": {
    "anchor": 0.2713,
    "ts": 1762100593.0551171
  },
  "LAB/USDT": {
    "anchor": 0.197,
    "ts": 1762100593.0551171
  },
  "LDO/USDT": {
    "anchor": 0.8635,
    "ts": 1762100593.0551171
  },
  "LGCT/USDT": {
    "anchor": 1.8292,
    "ts": 1762100593.0551171
  },
  "LINK/USDT": {
    "anchor": 17.08,
    "ts": 1762100593.0551171
  },
  "LTC/USDT": {
    "anchor": 97.98,
    "ts": 1762100593.0551171
  },
  "MANA/USDT": {
    "anchor": 0.2254,
    "ts": 1762100593.0551171
  },
  "MBG/USDT": {
    "anchor": 0.8331,
    "ts": 1762100593.0551171
  },
  "METYA/USDT": {
    "anchor": 0.1944,
    "ts": 1762100593.3470578
  },
  "MLN/USDT": {
    "anchor": 6.33,
    "ts": 1762100593.3470578
  },
  "MNT/USDT": {
    "anchor": 1.389,
    "ts": 1762100593.3470578
  },
  "MOVE/USDT": {
    "anchor": 0.06683,
    "ts": 1762100593.3470578
  },
  "MX/USDT": {
    "anchor": 2.1534,
    "ts": 1762100593.3470578
  },
  "NEAR/USDT": {
    "anchor": 2.118,
    "ts": 1762100593.3470578
  },
  "NEXO/USDT": {
    "anchor": 1.1316,
    "ts": 1762100593.3470578
  },
  "NFP/USDT": {
    "anchor": 0.03842,
    "ts": 1762100593.3470578
  },
  "OKB/USDT": {
    "anchor": 138.349,
    "ts": 1762100593.3470578
  },
  "OM/USDT": {
    "anchor": 0.10349,
    "ts": 1762100593.3470578
  },
  "ONDO/USDT": {
    "anchor": 0.68371,
    "ts": 1762100593.3470578
  },
  "OP/USDT": {
    "anchor": 0.409,
    "ts": 1762100593.3470578
  },
  "PAXG/USDT": {
    "anchor": 3998.95,
    "ts": 1762100593.3470578
  },
  "PENGU/USDT": {
    "anchor": 0.017431,
    "ts": 1762100593.777156
  },
  "PEPE/USDT": {
    "anchor": 6.54e-06,
    "ts": 1762100593.777156
  },
  "PHB/USDT": {
    "anchor": 0.4081,
    "ts": 1762100593.777156
  },
  "POL/USDT": {
    "anchor": 0.1885,
    "ts": 1762100593.777156
  },
  "POPCAT/USDT": {
    "anchor": 0.1462,
    "ts": 1762100593.777156
  },
  "PROVE/USDT": {
    "anchor": 0.6589,
    "ts": 1762100593.777156
  },
  "PUMP/USDT": {
    "anchor": 0.004231,
    "ts": 1762100593.777156
  },
  "QNT/USDT": {
    "anchor": 78.41,
    "ts": 1762100593.777156
  },
  "RAY/USDT": {
    "anchor": 1.618,
    "ts": 1762100593.777156
  },
  "RDAC/USDT": {
    "anchor": 0.004236,
    "ts": 1762100593.777156
  },
  "READY/USDT": {
    "anchor": 0.026415,
    "ts": 1762100593.777156
  },
  "RECALL/USDT": {
    "anchor": 0.2883,
    "ts": 1762100593.777156
  },
  "RENDER/USDT": {
    "anchor": 2.232,
    "ts": 1762100593.777156
  },
  "RIVER/USDT": {
    "anchor": 6.9548,
    "ts": 1762100590.498711
  },
  "RUNE/USDT": {
    "anchor": 0.848,
    "ts": 1762100590.498711
  },
  "RVV/USDT": {
    "anchor": 0.008207,
    "ts": 1762100590.498711
  },
  "SAND/USDT": {
    "anchor": 0.2027,
    "ts": 1762100590.498711
  },
  "SEI/USDT": {
    "anchor": 0.1909,
    "ts": 1762100590.498711
  },
  "SHIB/USDT": {
    "anchor": 1.0026e-05,
    "ts": 1762100590.498711
  },
  "SNX/USDT": {
    "anchor": 1.0129,
    "ts": 1762100590.498711
  },
  "SOL/USDT": {
    "anchor": 183.17,
    "ts": 1762100590.498711
  },
  "SOON/USDT": {
    "anchor": 0.7213,
    "ts": 1762100590.498711
  },
  "STBL/USDT": {
    "anchor": 0.08673,
    "ts": 1762100590.498711
  },
  "STX/USDT": {
    "anchor": 0.4155,
    "ts": 1762100590.498711
  },
  "SUI/USDT": {
    "anchor": 2.3031,
    "ts": 1762100590.498711
  },
  "TAO/USDT": {
    "anchor": 476.59,
    "ts": 1762100590.498711
  },
  "TIA/USDT": {
    "anchor": 0.9352,
    "ts": 1762100590.747882
  },
  "TLM/USDT": {
    "anchor": 0.003036,
    "ts": 1762100590.747882
  },
  "TON/USDT": {
    "anchor": 2.271,
    "ts": 1762100590.747882
  },
  "TOWNS/USDT": {
    "anchor": 0.01047,
    "ts": 1762100590.747882
  },
  "TRUMP/USDT": {
    "anchor": 7.583,
    "ts": 1762100590.747882
  },
  "TRX/USDT": {
    "anchor": 0.2956,
    "ts": 1762100590.747882
  },
  "UCN/USDT": {
    "anchor": 1454.81,
    "ts": 1762100590.747882
  },
  "ULTI/USDT": {
    "anchor": 0.001062,
    "ts": 1762100590.747882
  },
  "UMA/USDT": {
    "anchor": 1.0837,
    "ts": 1762100590.747882
  },
  "UNI/USDT": {
    "anchor": 5.749,
    "ts": 1762100590.747882
  },
  "USELESS/USDT": {
    "anchor": 0.209749,
    "ts": 1762100590.747882
  },
  "VET/USDT": {
    "anchor": 0.01576,
    "ts": 1762100590.747882
  },
  "VIRTUAL/USDT": {
    "anchor": 1.6994,
    "ts": 1762100590.747882
  },
  "WAL/USDT": {
    "anchor": 0.2298,
    "ts": 1762100590.982046
  },
  "WBTC/USDT": {
    "anchor": 109958.25,
    "ts": 1762100590.982046
  },
  "WIF/USDT": {
    "anchor": 0.525,
    "ts": 1762100590.982046
  },
  "WLD/USDT": {
    "anchor": 0.829,
    "ts": 1762100590.982046
  },
  "WLFI/USDT": {
    "anchor": 0.1323,
    "ts": 1762100590.982046
  },
  "XDC/USDT": {
    "anchor": 0.05874,
    "ts": 1762100590.982046
  },
  "XLM/USDT": {
    "anchor": 0.3016,
    "ts": 1762100590.982046
  },
  "XMR/USDT": {
    "anchor": 345.59,
    "ts": 1762100590.982046
  },
  "XPIN/USDT": {
    "anchor": 0.0060811,
    "ts": 1762100590.982046
  },
  "XRP/USDT": {
    "anchor": 2.4923,
    "ts": 1762100590.982046
  },
  "XTZ/USDT": {
    "anchor": 0.5642,
    "ts": 1762100590.982046
  },
  "ZBT/USDT": {
    "anchor": 0.1939,
    "ts": 1762100590.982046
  },
  "ZEC/USDT": {
    "anchor": 377.8,
    "ts": 1762100590.982046
  },
  "ZEN/USDT": {
    "anchor": 17.335,
    "ts": 1762100591.161948
  },
  "ZORA/USDT": {
    "anchor": 0.065908,
    "ts": 1762100591.161948
  }
}